Model,Precision,Recall,F1
IsolationForest-train,0.8272579521708846,0.7006882989183875,0.7587308347529813
IsolationForest-test,0.5834712352769396,0.8989202159568086,0.707632371170533
